Date,Orders,Average_Order_Value,Marketing_Spend,Revenue
2021-01-01,1474,103.83,15042.95,297110.03
2021-02-01,1455,105.71,12016.36,307515.81
2021-03-01,1653,112.74,13666.05,333197.82
2021-04-01,1823,112.64,14898.59,355494.74
2021-05-01,1689,112.1,13041.96,330195.17
2021-06-01,1638,113.59,14465.74,309959.94
2021-07-01,1584,110.97,14163.46,303017.72
2021-08-01,1562,108.84,10448.47,304022.39
2021-09-01,1599,109.56,14686.83,311764.53
2021-10-01,1549,107.6,13080.9,321903.68
2021-11-01,1781,106.32,10019.18,324962.68
2021-12-01,1728,109.66,10084.24,330111.35
2022-01-01,1844,112.44,10744.48,370604.25
2022-02-01,2025,117.88,9067.54,373400.01
2022-03-01,2101,116.6,9101.03,372424.84
2022-04-01,2025,115.75,7219.1,401122.98
2022-05-01,2075,121.59,11391.28,383513.49
2022-06-01,2087,116.24,11367.94,396600.27
2022-07-01,1991,112.64,12494.03,389225.78
2022-08-01,1848,117.87,10107.31,368158.72
2022-09-01,2002,113.54,16578.23,377277.51
2022-10-01,2031,117.24,14442.87,405558.99
2022-11-01,2041,115.58,13765.17,391461.37
2022-12-01,2019,116.38,18114.35,419958.89
2023-01-01,2158,119.27,14083.37,439712.82
2023-02-01,2219,124.71,10995.75,460299.93
2023-03-01,2311,128.01,12125.64,475040.58
2023-04-01,2467,127.78,7881.03,476313.79
2023-05-01,2495,129.49,13033.86,482093.25
2023-06-01,2419,124.64,9643.38,458948.4
2023-07-01,2378,127.54,8498.34,441345.77
2023-08-01,2355,120.37,11468.43,446309.98
2023-09-01,2291,124.09,6566.04,440061.29
2023-10-01,2299,126.84,10798.71,454933.4
2023-11-01,2301,129.45,6677.08,462456.25
2023-12-01,2416,133.89,9953.06,488348.61
2024-01-01,2666,127.33,9832.4,508907.39
2024-02-01,2657,137.53,15486.61,555574.85
2024-03-01,2644,141.45,16786.06,568726.17
2024-04-01,2679,142.19,13572.12,570553.47
2024-05-01,2663,136.54,15975.34,564531.09
2024-06-01,2734,139.49,14138.04,574478.91
2024-07-01,2703,142.08,15187.57,555322.72
2024-08-01,2543,130.26,12251.86,520090.01
2024-09-01,2662,135.1,9780.04,517692.45
2024-10-01,2600,137.09,8754.42,528918.02
2024-11-01,2784,133.08,11834.57,561735.52
2024-12-01,2767,139.5,14438.7,577852.68
2025-01-01,2964,137.79,10319.88,594705.24
2025-02-01,2900,141.81,8593.69,609289.74
2025-03-01,2984,144.38,12979.61,631428.21
2025-04-01,3069,148.83,10262.08,632201.35
2025-05-01,3134,148.06,10575.61,646972.96
2025-06-01,3084,150.11,11599.59,636235.15
2025-07-01,2926,142.68,11761.72,614347.86
2025-08-01,2993,143.36,12297.99,624309.2
2025-09-01,2966,145.55,11024.03,622014.71
2025-10-01,2946,144.43,15067.99,625201.73
2025-11-01,2975,140.2,14291.42,628690.07
2025-12-01,3214,148.75,16609.57,683092.37
