Date,Orders,Average_Order_Value,Marketing_Spend,Revenue,Month,Year,Time_Index,Revenue_Lag_1,Revenue_Lag_12,Revenue_Rolling_3
2022-01-01,1844,112.44,10744.48,370604.25,1,2022,12,330111.35,297110.03,341892.76
2022-02-01,2025,117.88,9067.54,373400.01,2,2022,13,370604.25,307515.81,358038.5366666666
2022-03-01,2101,116.6,9101.03,372424.84,3,2022,14,373400.01,333197.82,372143.0333333334
2022-04-01,2025,115.75,7219.1,401122.98,4,2022,15,372424.84,355494.74,382315.94333333336
2022-05-01,2075,121.59,11391.28,383513.49,5,2022,16,401122.98,330195.17,385687.10333333333
2022-06-01,2087,116.24,11367.94,396600.27,6,2022,17,383513.49,309959.94,393745.58
2022-07-01,1991,112.64,12494.03,389225.78,7,2022,18,396600.27,303017.72,389779.8466666667
2022-08-01,1848,117.87,10107.31,368158.72,8,2022,19,389225.78,304022.39,384661.59
2022-09-01,2002,113.54,16578.23,377277.51,9,2022,20,368158.72,311764.53,378220.67
2022-10-01,2031,117.24,14442.87,405558.99,10,2022,21,377277.51,321903.68,383665.0733333333
2022-11-01,2041,115.58,13765.17,391461.37,11,2022,22,405558.99,324962.68,391432.6233333333
2022-12-01,2019,116.38,18114.35,419958.89,12,2022,23,391461.37,330111.35,405659.75
2023-01-01,2158,119.27,14083.37,439712.82,1,2023,24,419958.89,370604.25,417044.36000000004
2023-02-01,2219,124.71,10995.75,460299.93,2,2023,25,439712.82,373400.01,439990.5466666667
2023-03-01,2311,128.01,12125.64,475040.58,3,2023,26,460299.93,372424.84,458351.11000000004
2023-04-01,2467,127.78,7881.03,476313.79,4,2023,27,475040.58,401122.98,470551.43333333335
2023-05-01,2495,129.49,13033.86,482093.25,5,2023,28,476313.79,383513.49,477815.87333333335
2023-06-01,2419,124.64,9643.38,458948.4,6,2023,29,482093.25,396600.27,472451.8133333333
2023-07-01,2378,127.54,8498.34,441345.77,7,2023,30,458948.4,389225.78,460795.80666666664
2023-08-01,2355,120.37,11468.43,446309.98,8,2023,31,441345.77,368158.72,448868.05
2023-09-01,2291,124.09,6566.04,440061.29,9,2023,32,446309.98,377277.51,442572.3466666667
2023-10-01,2299,126.84,10798.71,454933.4,10,2023,33,440061.29,405558.99,447101.55666666664
2023-11-01,2301,129.45,6677.08,462456.25,11,2023,34,454933.4,391461.37,452483.64666666667
2023-12-01,2416,133.89,9953.06,488348.61,12,2023,35,462456.25,419958.89,468579.42
2024-01-01,2666,127.33,9832.4,508907.39,1,2024,36,488348.61,439712.82,486570.75
2024-02-01,2657,137.53,15486.61,555574.85,2,2024,37,508907.39,460299.93,517610.2833333334
2024-03-01,2644,141.45,16786.06,568726.17,3,2024,38,555574.85,475040.58,544402.8033333333
2024-04-01,2679,142.19,13572.12,570553.47,4,2024,39,568726.17,476313.79,564951.4966666667
2024-05-01,2663,136.54,15975.34,564531.09,5,2024,40,570553.47,482093.25,567936.91
2024-06-01,2734,139.49,14138.04,574478.91,6,2024,41,564531.09,458948.4,569854.49
2024-07-01,2703,142.08,15187.57,555322.72,7,2024,42,574478.91,441345.77,564777.5733333334
2024-08-01,2543,130.26,12251.86,520090.01,8,2024,43,555322.72,446309.98,549963.88
2024-09-01,2662,135.1,9780.04,517692.45,9,2024,44,520090.01,440061.29,531035.0599999999
2024-10-01,2600,137.09,8754.42,528918.02,10,2024,45,517692.45,454933.4,522233.49333333335
2024-11-01,2784,133.08,11834.57,561735.52,11,2024,46,528918.02,462456.25,536115.33
2024-12-01,2767,139.5,14438.7,577852.68,12,2024,47,561735.52,488348.61,556168.7400000001
2025-01-01,2964,137.79,10319.88,594705.24,1,2025,48,577852.68,508907.39,578097.8133333334
2025-02-01,2900,141.81,8593.69,609289.74,2,2025,49,594705.24,555574.85,593949.2200000001
2025-03-01,2984,144.38,12979.61,631428.21,3,2025,50,609289.74,568726.17,611807.73
2025-04-01,3069,148.83,10262.08,632201.35,4,2025,51,631428.21,570553.47,624306.4333333333
2025-05-01,3134,148.06,10575.61,646972.96,5,2025,52,632201.35,564531.09,636867.5066666667
2025-06-01,3084,150.11,11599.59,636235.15,6,2025,53,646972.96,574478.91,638469.82
2025-07-01,2926,142.68,11761.72,614347.86,7,2025,54,636235.15,555322.72,632518.6566666666
2025-08-01,2993,143.36,12297.99,624309.2,8,2025,55,614347.86,520090.01,624964.07
2025-09-01,2966,145.55,11024.03,622014.71,9,2025,56,624309.2,517692.45,620223.9233333333
2025-10-01,2946,144.43,15067.99,625201.73,10,2025,57,622014.71,528918.02,623841.88
2025-11-01,2975,140.2,14291.42,628690.07,11,2025,58,625201.73,561735.52,625302.1699999999
2025-12-01,3214,148.75,16609.57,683092.37,12,2025,59,628690.07,577852.68,645661.39
